<?xml version="1.0" encoding="UTF-8"?>
<configuration>
	<property name="DEV_HOME" value="logs" />
	<appender name="CONSOLE" class="ch.qos.logback.core.ConsoleAppender">
		<layout class="ch.qos.logback.classic.PatternLayout">
			<Pattern>
				%d{yyyy-MM-dd HH:mm:ss} [%thread] %-5level %logger{36} -
				%msg%n
			</Pattern>
		</layout>
	</appender>
	<appender name="FILE-DEBUG"
		class="ch.qos.logback.core.rolling.RollingFileAppender">
		<file>${DEV_HOME}/debug.log</file>
		<encoder>
		<pattern>%d %p %c{1.} [%t] %m%n</pattern>
		</encoder>
	<rollingPolicy class="ch.qos.logback.core.rolling.TimeBasedRollingPolicy">
			<!-- rollover daily -->
			<fileNamePattern>logs/archived/roster-service.%d{yyyy-MM-dd}.%i.log
			</fileNamePattern>
			<timeBasedFileNamingAndTriggeringPolicy
				class="ch.qos.logback.core.rolling.SizeAndTimeBasedFNATP">
				<maxFileSize>10MB</maxFileSize>
			</timeBasedFileNamingAndTriggeringPolicy>
			<totalSizeCap>20GB</totalSizeCap>
			<maxHistory>60</maxHistory>
		</rollingPolicy>
	</appender>
	<appender name="FILE-ERROR"
		class="ch.qos.logback.core.rolling.RollingFileAppender">
		<file>${DEV_HOME}/error.log</file>
		<encoder class="ch.qos.logback.classic.encoder.PatternLayoutEncoder">
			<Pattern>
				%d{yyyy-MM-dd HH:mm:ss} [%thread] %-5level %logger{36} -
				%msg%n
			</Pattern>
		</encoder>
		<rollingPolicy class="ch.qos.logback.core.rolling.TimeBasedRollingPolicy">
			<!-- rollover daily -->
			<fileNamePattern>${DEV_HOME}/archived/roster-services.%d{yyyy-MM-dd}.%i.log
			</fileNamePattern>
			<timeBasedFileNamingAndTriggeringPolicy
				class="ch.qos.logback.core.rolling.SizeAndTimeBasedFNATP">
				<maxFileSize>10MB</maxFileSize>
			</timeBasedFileNamingAndTriggeringPolicy>
			<totalSizeCap>20GB</totalSizeCap>
			<maxHistory>60</maxHistory>
		</rollingPolicy>
	</appender>
	<!-- Send logs to both console and file audit -->
	<logger name="com.hcsc.provider.roster.services" level="debug"
		additivity="false">
		<appender-ref ref="FILE-DEBUG" />
		<appender-ref ref="CONSOLE" />
	</logger>

	<root level="error">
		<appender-ref ref="FILE-ERROR" />
	</root>
</configuration>